effective_time_frame,fatigue,mood,readiness,sleep_duration_h,sleep_quality,soreness,soreness_area,stress,date,timestamp,sleep_log_entry_id,overall_score,composition_score,revitalization_score,duration_score,deep_sleep_in_minutes,resting_heart_rate,restlessness,steps,day_of_week,is_weekend,mood_lag1,mood_lag2,readiness_lag1,readiness_lag2,overall_score_lag1,overall_score_lag2,steps_lag1,steps_lag2,mood_rolling3,mood_rolling7,overall_score_rolling3,overall_score_rolling7,steps_rolling3,steps_rolling7,mood_trend,sleep_deficit,activity_score
2019-11-03T14:28:03.263Z,3.0,3.0,8.0,6.0,3.0,3.0,[],3.0,2019-11-03,2019-11-03T07:34:30Z,24497341340.0,71.0,16.0,17.0,38.0,38.0,52.0,0.093491124260355,14312,6,1,3.0,3.0,6.0,5.0,79.0,76.0,13118.0,17873.0,3.0,3.0,77.5,77.5,15495.5,15495.5,0.0,9.0,2.8624
2019-11-04T07:05:28.429Z,3.0,3.0,8.0,6.0,3.0,3.0,[],3.0,2019-11-04,2019-11-04T06:35:00Z,24507914069.0,68.0,15.0,15.0,38.0,37.0,53.0,0.0648508430609598,10970,0,0,3.0,3.0,8.0,6.0,71.0,79.0,14312.0,13118.0,3.0,3.0,75.33333333333333,75.33333333333333,15101.0,15101.0,0.0,12.0,2.194
2019-11-05T06:13:35.998Z,3.0,3.0,8.0,5.0,3.0,3.0,[],3.0,2019-11-05,2019-11-05T06:25:00Z,24521896102.0,73.0,15.0,22.0,36.0,26.0,54.0,0.0931849791376912,16186,1,0,3.0,3.0,8.0,8.0,68.0,71.0,10970.0,14312.0,3.0,3.0,72.66666666666667,73.5,12800.0,14068.25,0.0,7.0,3.2372
2019-11-06T07:13:02.320Z,3.0,3.0,5.0,5.0,3.0,2.0,"[48979004, 32696007]",3.0,2019-11-06,2019-11-06T06:29:30Z,24534036899.0,67.0,17.0,13.0,37.0,65.0,52.0,0.0644718792866941,8189,2,0,3.0,3.0,8.0,8.0,73.0,68.0,16186.0,10970.0,3.0,3.0,70.66666666666667,73.4,13822.666666666666,14491.8,0.0,13.0,1.6378
2019-11-07T06:39:25.426Z,3.0,3.0,7.0,5.0,3.0,3.0,[],3.0,2019-11-07,2019-11-07T05:52:00Z,24544805751.0,71.0,15.0,22.0,34.0,44.0,54.0,0.0681818181818181,8710,3,0,3.0,3.0,5.0,8.0,67.0,73.0,8189.0,16186.0,3.0,3.0,69.33333333333333,72.33333333333333,11781.666666666666,13441.333333333334,0.0,9.0,1.742
2019-11-08T09:05:09.558Z,3.0,3.0,7.0,6.0,3.0,3.0,[],3.0,2019-11-08,2019-11-08T06:21:00Z,24557456459.0,74.0,20.0,16.0,38.0,34.0,53.0,0.0564826700898587,12888,4,0,3.0,3.0,7.0,5.0,71.0,67.0,8710.0,8189.0,3.0,3.0,70.33333333333333,72.14285714285714,11028.333333333334,12765.42857142857,0.0,6.0,2.5776
2019-11-09T08:00:27.364Z,3.0,3.0,8.0,6.0,3.0,3.0,[],3.0,2019-11-09,2019-11-09T07:02:30Z,24568877484.0,74.0,18.0,21.0,35.0,36.0,53.0,0.0664112388250319,16450,5,1,3.0,3.0,7.0,7.0,74.0,71.0,12888.0,8710.0,3.0,3.0,70.66666666666667,71.85714285714286,9929.0,12053.285714285714,0.0,6.0,3.29
2019-11-10T20:38:08.787Z,3.0,3.0,7.0,6.0,3.0,3.0,[],3.0,2019-11-10,2019-11-10T07:18:00Z,24579324569.0,81.0,21.0,22.0,38.0,52.0,53.0,0.0616113744075829,17843,6,1,3.0,3.0,8.0,7.0,74.0,74.0,16450.0,12888.0,3.0,3.0,73.0,71.14285714285714,12682.666666666666,12529.285714285714,0.0,-1.0,3.5686
2019-11-14T06:14:23.179Z,3.0,2.0,7.0,5.0,3.0,3.0,[],2.0,2019-11-14,2019-11-14T06:29:30Z,24628844253.0,65.0,17.0,13.0,35.0,42.0,51.0,0.1075862068965517,19220,3,0,3.0,3.0,7.0,4.0,76.0,70.0,11185.0,10392.0,3.0,3.0,70.66666666666667,73.14285714285714,11365.333333333334,12855.285714285714,0.0,15.0,3.844
2019-11-15T05:38:25.987Z,2.0,3.0,5.0,6.0,3.0,2.0,"[48979004, 32696007, 12921003]",3.0,2019-11-15,2019-11-15T06:39:00Z,24641842224.0,74.0,21.0,16.0,37.0,58.0,51.0,0.1108108108108108,18259,4,0,2.0,3.0,7.0,7.0,65.0,76.0,19220.0,11185.0,2.6666666666666665,2.8333333333333335,70.33333333333333,72.28571428571429,13599.0,14356.714285714286,-0.8333333333333335,6.0,3.6518
2019-11-16T06:36:43.630Z,2.0,3.0,6.0,5.0,2.0,2.0,[12921003],3.0,2019-11-16,2019-11-16T06:47:00Z,24652788470.0,67.0,15.0,18.0,34.0,20.0,51.0,0.1079545454545454,15305,5,1,3.0,2.0,5.0,7.0,74.0,65.0,18259.0,19220.0,2.6666666666666665,2.8333333333333335,71.66666666666667,72.28571428571429,16221.333333333334,15124.0,0.16666666666666652,13.0,3.061
2019-11-17T05:54:30.271Z,3.0,4.0,6.0,5.0,4.0,2.0,[12921003],3.0,2019-11-17,2019-11-17T06:47:30Z,24664385870.0,71.0,20.0,15.0,36.0,49.0,51.0,0.1495327102803738,11916,6,1,3.0,3.0,6.0,5.0,67.0,74.0,15305.0,18259.0,2.6666666666666665,2.8333333333333335,68.66666666666667,71.28571428571429,17594.666666666668,14960.42857142857,0.16666666666666652,9.0,2.3832
2019-11-18T08:29:37.604Z,2.0,3.0,8.0,5.0,2.0,2.0,[12921003],2.0,2019-11-18,2019-11-18T06:36:00Z,24676261766.0,72.0,16.0,21.0,35.0,8.0,51.0,0.0916552667578659,8241,0,0,4.0,3.0,6.0,6.0,71.0,67.0,11916.0,15305.0,3.3333333333333335,3.0,70.66666666666667,69.85714285714286,15160.0,14113.714285714286,1.0,8.0,1.6482
2019-11-19T06:31:46.844Z,2.0,3.0,5.0,5.0,2.0,2.0,"[48979004, 32696007, 12921003]",3.0,2019-11-19,2019-11-19T06:18:30Z,24688967886.0,67.0,20.0,13.0,34.0,43.0,50.0,0.0853146853146853,7134,1,0,3.0,4.0,8.0,6.0,72.0,71.0,8241.0,11916.0,3.3333333333333335,3.0,70.0,70.71428571428571,11820.666666666666,13502.57142857143,0.0,13.0,1.4268
2019-11-20T18:49:30.613Z,2.0,3.0,7.0,6.0,3.0,3.0,[],2.0,2019-11-20,2019-11-20T06:30:30Z,24703157234.0,74.0,18.0,18.0,38.0,39.0,53.0,0.0733727810650887,10116,2,0,3.0,3.0,5.0,8.0,67.0,72.0,7134.0,8241.0,3.3333333333333335,3.0,70.0,70.28571428571429,9097.0,13037.142857142857,0.0,6.0,2.0232
2019-11-21T07:22:22.967Z,3.0,3.0,7.0,5.0,3.0,3.0,[],3.0,2019-11-21,2019-11-21T06:15:30Z,24717053033.0,70.0,18.0,18.0,34.0,32.0,52.0,0.0942126514131897,19747,3,0,3.0,3.0,7.0,5.0,74.0,67.0,10116.0,7134.0,3.0,3.0,71.0,70.0,8497.0,12884.42857142857,0.0,10.0,3.9494
2019-11-22T06:00:11.205Z,2.0,3.0,4.0,5.0,3.0,2.0,"[48979004, 32696007, 12921003]",3.0,2019-11-22,2019-11-22T06:30:30Z,24738250860.0,66.0,17.0,14.0,35.0,41.0,52.0,0.0939597315436241,10938,4,0,3.0,3.0,7.0,7.0,70.0,74.0,19747.0,10116.0,3.0,3.142857142857143,70.33333333333333,70.71428571428571,12332.333333333334,12959.714285714286,-0.1428571428571428,14.0,2.1876
2019-11-23T07:02:46.080Z,3.0,3.0,8.0,5.0,3.0,2.0,[12921003],3.0,2019-11-23,2019-11-23T06:48:00Z,24748626099.0,71.0,16.0,18.0,37.0,74.0,53.0,0.1027918781725888,20704,5,1,3.0,3.0,4.0,7.0,66.0,70.0,10938.0,19747.0,3.0,3.142857142857143,70.0,69.57142857142857,13600.333333333334,11913.857142857143,-0.1428571428571428,9.0,4.1408
2019-11-24T13:53:28.722Z,3.0,3.0,6.0,6.0,2.0,2.0,[12921003],3.0,2019-11-24,2019-11-24T08:53:30Z,24784535314.0,80.0,20.0,19.0,41.0,55.0,53.0,0.0736949846468782,16517,6,1,3.0,3.0,8.0,4.0,71.0,66.0,20704.0,10938.0,3.0,3.142857142857143,69.0,70.14285714285714,17129.666666666668,12685.142857142857,-0.1428571428571428,0.0,3.3034
2019-11-25T07:04:27.705Z,2.0,3.0,7.0,5.0,3.0,2.0,"[48979004, 32696007, 12921003]",3.0,2019-11-25,2019-11-25T06:39:00Z,24784535315.0,71.0,14.0,21.0,36.0,22.0,53.0,0.0854341736694677,12481,0,0,3.0,3.0,6.0,8.0,80.0,71.0,16517.0,20704.0,3.0,3.0,72.33333333333333,71.42857142857143,16053.0,13342.42857142857,0.0,9.0,2.4962
2019-11-26T08:05:18.429Z,3.0,3.0,7.0,5.0,3.0,3.0,[],3.0,2019-11-26,2019-11-26T06:00:30Z,24784535316.0,66.0,15.0,19.0,32.0,41.0,52.0,0.1345895020188425,16428,1,0,3.0,3.0,7.0,6.0,71.0,80.0,12481.0,16517.0,3.0,3.0,74.0,71.28571428571429,16567.333333333332,13948.142857142857,0.0,14.0,3.2856
2019-11-27T07:50:27.161Z,2.0,3.0,5.0,5.0,3.0,2.0,"[48979004, 32696007, 12921003]",3.0,2019-11-27,2019-11-27T06:25:00Z,24814208772.0,75.0,16.0,22.0,37.0,27.0,51.0,0.0816077953714981,10556,2,0,3.0,3.0,7.0,7.0,66.0,71.0,16428.0,12481.0,3.0,3.0,72.33333333333333,71.14285714285714,15142.0,15275.857142857143,0.0,5.0,2.1112
2019-11-28T06:45:55.836Z,3.0,3.0,7.0,5.0,2.0,3.0,[],3.0,2019-11-28,2019-11-28T06:28:30Z,24814208773.0,70.0,14.0,22.0,34.0,25.0,51.0,0.0817369093231162,17535,3,0,3.0,3.0,5.0,7.0,75.0,66.0,10556.0,16428.0,3.0,3.0,70.66666666666667,71.28571428571429,13155.0,15338.714285714286,0.0,10.0,3.507
2019-11-29T09:16:47.947Z,2.0,3.0,4.0,5.0,2.0,2.0,[12921003],3.0,2019-11-29,2019-11-29T06:13:00Z,24833913565.0,67.0,20.0,13.0,34.0,42.0,49.0,0.0947521865889212,16209,4,0,3.0,3.0,7.0,5.0,70.0,75.0,17535.0,10556.0,3.0,3.0,70.33333333333333,71.28571428571429,14839.666666666666,15022.714285714286,0.0,13.0,3.2418
2019-11-30T17:34:00.841Z,2.0,3.0,6.0,5.0,3.0,3.0,[],3.0,2019-11-30,2019-11-30T07:46:00Z,24833913567.0,74.0,16.0,17.0,41.0,40.0,50.0,0.0646298472385428,10782,5,1,3.0,3.0,4.0,7.0,67.0,70.0,16209.0,17535.0,3.0,3.0,70.66666666666667,71.42857142857143,14766.666666666666,15775.714285714286,0.0,6.0,2.1564
2019-12-01T08:04:09.372Z,3.0,3.0,7.0,6.0,3.0,3.0,[],3.0,2019-12-01,2019-12-01T07:11:30Z,24844211484.0,72.0,16.0,18.0,38.0,34.0,51.0,0.1435239206534422,13736,6,1,3.0,3.0,6.0,4.0,74.0,67.0,10782.0,16209.0,3.0,3.0,70.33333333333333,71.85714285714286,14842.0,14358.285714285714,0.0,8.0,2.7472
2019-12-02T08:00:43.259Z,3.0,3.0,8.0,5.0,2.0,3.0,[],3.0,2019-12-02,2019-12-02T03:59:30Z,24883896361.0,65.0,15.0,22.0,28.0,10.0,50.0,0.0564705882352941,12224,0,0,3.0,3.0,7.0,6.0,72.0,74.0,13736.0,10782.0,3.0,3.0,71.0,70.71428571428571,13575.666666666666,13961.0,0.0,15.0,2.4448
2019-12-03T07:23:04.819Z,3.0,3.0,7.0,5.0,3.0,3.0,[],3.0,2019-12-03,2019-12-03T06:21:30Z,24883896362.0,76.0,17.0,22.0,37.0,21.0,50.0,0.0517928286852589,18142,1,0,3.0,3.0,8.0,7.0,65.0,72.0,12224.0,13736.0,3.0,3.0,70.33333333333333,69.85714285714286,12247.333333333334,13924.285714285714,0.0,4.0,3.6284
2019-12-04T08:31:12.920Z,2.0,3.0,5.0,5.0,2.0,2.0,"[48979004, 32696007]",3.0,2019-12-04,2019-12-04T06:26:00Z,24884748604.0,67.0,16.0,15.0,36.0,42.0,50.0,0.0885200553250345,11745,2,0,3.0,3.0,7.0,8.0,76.0,65.0,18142.0,12224.0,3.0,3.0,71.0,71.28571428571429,14700.666666666666,14169.142857142857,0.0,13.0,2.349
2019-12-05T07:24:30.844Z,2.0,3.0,6.0,5.0,2.0,3.0,[],3.0,2019-12-05,2019-12-05T06:33:30Z,24896517693.0,66.0,19.0,13.0,34.0,36.0,51.0,0.0829756795422031,18234,3,0,3.0,3.0,5.0,7.0,67.0,76.0,11745.0,18142.0,3.0,3.0,69.33333333333333,70.14285714285714,14037.0,14339.0,0.0,14.0,3.6468
2019-12-06T07:02:10.649Z,2.0,3.0,3.0,4.0,2.0,2.0,"[48979004, 32696007, 12921003]",3.0,2019-12-06,2019-12-06T06:26:30Z,24907589731.0,54.0,19.0,10.0,25.0,24.0,51.0,0.1946778711484593,10401,4,0,3.0,3.0,6.0,5.0,66.0,67.0,18234.0,11745.0,3.0,3.0,69.66666666666667,69.57142857142857,16040.333333333334,14438.857142857143,0.0,26.0,2.0802
2019-12-07T08:00:35.229Z,2.0,3.0,6.0,7.0,3.0,2.0,[12921003],3.0,2019-12-07,2019-12-07T07:21:00Z,24918333423.0,81.0,18.0,20.0,43.0,74.0,53.0,0.0818083961248654,14898,5,1,3.0,3.0,3.0,6.0,54.0,66.0,10401.0,18234.0,3.0,3.0,62.333333333333336,67.71428571428571,13460.0,13609.142857142857,0.0,-1.0,2.9796
2019-12-08T08:50:37.699Z,3.0,3.0,6.0,6.0,3.0,2.0,[12921003],3.0,2019-12-08,2019-12-08T07:22:30Z,24928897739.0,80.0,19.0,21.0,40.0,21.0,52.0,0.0909090909090909,15805,6,1,3.0,3.0,6.0,3.0,81.0,54.0,14898.0,10401.0,3.0,3.0,67.0,68.71428571428571,14511.0,14197.142857142857,0.0,0.0,3.161
2019-12-09T08:17:24.878Z,2.0,3.0,4.0,5.0,2.0,3.0,[],3.0,2019-12-09,2019-12-09T06:11:30Z,24939299803.0,62.0,15.0,12.0,35.0,38.0,51.0,0.1254901960784313,11223,0,0,3.0,3.0,6.0,6.0,80.0,81.0,15805.0,14898.0,3.0,3.0,71.66666666666667,69.85714285714286,13701.333333333334,14492.714285714286,0.0,18.0,2.2446
2019-12-10T08:36:39.339Z,2.0,3.0,4.0,5.0,3.0,3.0,[],3.0,2019-12-10,2019-12-10T06:22:30Z,24959428562.0,78.0,19.0,22.0,37.0,20.0,53.0,0.0638002773925104,7708,1,0,3.0,3.0,4.0,6.0,62.0,80.0,11223.0,15805.0,3.0,3.0,74.33333333333333,69.42857142857143,13975.333333333334,14349.714285714286,0.0,2.0,1.5416
2019-12-15T20:35:51.943Z,2.0,3.0,7.0,6.0,3.0,3.0,[],3.0,2019-12-15,2019-12-15T07:21:30Z,25013252574.0,74.0,20.0,16.0,38.0,28.0,54.0,0.1357409713574097,21362,6,1,3.0,3.0,6.0,6.0,71.0,68.0,15348.0,15910.0,3.0,3.0,64.0,69.71428571428571,13995.333333333334,12368.142857142857,0.0,6.0,4.2724
2019-12-16T08:17:05.284Z,3.0,3.0,7.0,6.0,3.0,3.0,[],3.0,2019-12-16,2019-12-16T06:18:30Z,25024072567.0,75.0,19.0,18.0,38.0,30.0,54.0,0.1169811320754717,10489,0,0,3.0,3.0,7.0,6.0,74.0,71.0,21362.0,15348.0,3.0,3.0,71.0,68.85714285714286,17540.0,13162.0,0.0,5.0,2.0978
2019-12-17T20:19:19.604Z,4.0,3.0,7.0,5.0,3.0,3.0,[],3.0,2019-12-17,2019-12-17T06:19:00Z,25037232327.0,66.0,15.0,17.0,34.0,52.0,53.0,0.1411935953420669,12437,1,0,3.0,3.0,7.0,7.0,75.0,74.0,10489.0,21362.0,3.0,3.0,73.33333333333333,70.71428571428571,15733.0,13057.142857142857,0.0,14.0,2.4874
2019-12-23T08:25:34.443Z,3.0,3.0,7.0,5.0,3.0,3.0,[],3.0,2019-12-23,2019-12-23T08:49:00Z,25115046163.0,79.0,17.0,20.0,42.0,37.0,52.0,0.1201671891327063,17227,0,0,3.0,3.0,7.0,7.0,78.0,79.0,18170.0,17760.0,3.0,3.0,74.0,71.71428571428571,16346.666666666666,15090.714285714286,0.0,1.0,3.4454
2019-12-27T08:50:24.996Z,2.0,3.0,4.0,7.0,2.0,2.0,"[48979004, 32696007]",3.0,2019-12-27,2019-12-27T08:25:00Z,25158984013.0,78.0,20.0,18.0,40.0,69.0,50.0,0.1411509229098805,10161,4,0,3.0,3.0,7.0,8.0,78.0,82.0,16891.0,11804.0,3.0,3.0,77.0,76.0,14003.666666666666,15468.285714285714,0.0,2.0,2.0322
2019-12-28T19:34:52.387Z,2.0,3.0,5.0,6.0,2.0,2.0,"[48979004, 32696007, 12921003]",3.0,2019-12-28,2019-12-28T08:06:30Z,25174124398.0,75.0,17.0,16.0,42.0,38.0,50.0,0.1233299075025693,12445,5,1,3.0,3.0,4.0,7.0,78.0,78.0,10161.0,16891.0,3.0,3.0,79.33333333333333,77.85714285714286,12952.0,15047.0,0.0,5.0,2.489
2019-12-29T08:41:48.839Z,2.0,3.0,6.0,6.0,3.0,2.0,"[48979004, 32696007, 12921003]",3.0,2019-12-29,2019-12-29T07:58:30Z,25184652035.0,74.0,20.0,15.0,39.0,56.0,50.0,0.0991471215351812,13699,6,1,3.0,3.0,5.0,4.0,75.0,78.0,12445.0,10161.0,3.0,3.0,77.0,77.28571428571429,13165.666666666666,14287.714285714286,0.0,6.0,2.7398
2019-12-30T08:17:11.894Z,2.0,3.0,6.0,5.0,3.0,2.0,"[48979004, 32696007]",3.0,2019-12-30,2019-12-30T08:21:30Z,25200382694.0,65.0,16.0,13.0,36.0,43.0,51.0,0.095112285336856,10187,0,0,3.0,3.0,6.0,5.0,74.0,75.0,13699.0,12445.0,3.0,3.0,75.66666666666667,76.71428571428571,12101.666666666666,13649.0,0.0,15.0,2.0374
2020-01-03T07:17:54.940Z,3.0,3.0,7.0,5.0,3.0,3.0,[],3.0,2020-01-03,2020-01-03T06:21:30Z,25272136869.0,73.0,21.0,16.0,36.0,43.0,52.0,0.0887573964497041,17431,4,0,3.0,3.0,7.0,7.0,88.0,75.0,10346.0,11847.0,3.0,3.0,80.33333333333333,76.14285714285714,11227.666666666666,11453.57142857143,0.0,7.0,3.4862
2020-01-04T09:17:04.540Z,2.0,2.0,5.0,7.0,3.0,2.0,"[48979004, 12921003]",3.0,2020-01-04,2020-01-04T08:24:00Z,25272136870.0,78.0,16.0,20.0,42.0,16.0,51.0,0.0674373795761079,16170,5,1,3.0,3.0,7.0,7.0,73.0,88.0,17431.0,10346.0,3.0,3.0,78.66666666666667,75.42857142857143,13208.0,12492.142857142857,0.0,2.0,3.234
2020-01-08T11:23:48.712Z,2.0,2.0,6.0,5.0,2.0,2.0,"[48979004, 32696007, 12921003]",2.0,2020-01-08,2020-01-08T06:20:30Z,25335178948.0,69.0,19.0,19.0,31.0,21.0,53.0,0.1492146596858638,8149,2,0,3.0,3.0,6.0,5.0,66.0,72.0,17638.0,11322.0,3.0,2.8333333333333335,69.0,74.42857142857143,13461.666666666666,13739.857142857143,0.16666666666666652,11.0,1.6298
2020-01-09T07:04:16.765Z,2.0,1.0,7.0,4.0,1.0,2.0,[12921003],2.0,2020-01-09,2020-01-09T06:40:30Z,25356549170.0,67.0,19.0,13.0,35.0,48.0,52.0,0.1130434782608695,13189,3,0,2.0,3.0,6.0,6.0,69.0,66.0,8149.0,17638.0,2.6666666666666665,2.6666666666666665,69.0,73.57142857142857,12369.666666666666,13211.57142857143,-0.6666666666666665,13.0,2.6378
2020-01-10T07:42:05.267Z,2.0,3.0,5.0,5.0,2.0,3.0,[],3.0,2020-01-10,2020-01-10T06:50:30Z,25371920891.0,71.0,19.0,16.0,36.0,44.0,53.0,0.0806241872561768,13733,4,0,1.0,2.0,7.0,6.0,67.0,69.0,13189.0,8149.0,2.0,2.3333333333333335,67.33333333333333,70.57142857142857,12992.0,13617.714285714286,-1.3333333333333335,9.0,2.7466
2020-01-11T09:56:17.547Z,3.0,3.0,5.0,7.0,3.0,3.0,[],3.0,2020-01-11,2020-01-11T08:40:00Z,25385814738.0,80.0,18.0,20.0,42.0,0.0,52.0,0.0858490566037735,13736,5,1,3.0,1.0,5.0,7.0,71.0,67.0,13733.0,13189.0,2.0,2.3333333333333335,69.0,70.28571428571429,11690.333333333334,13089.42857142857,0.6666666666666665,0.0,2.7472
2020-01-12T08:56:59.915Z,3.0,3.0,6.0,6.0,3.0,3.0,[],3.0,2020-01-12,2020-01-12T07:55:30Z,25399900721.0,72.0,14.0,18.0,40.0,19.0,52.0,0.0825082508250825,8820,6,1,3.0,3.0,5.0,5.0,80.0,71.0,13736.0,13733.0,2.3333333333333335,2.5,72.66666666666667,70.57142857142857,13552.666666666666,12741.714285714286,0.5,8.0,1.764
2020-01-13T18:00:00.953Z,2.0,3.0,5.0,5.0,2.0,3.0,[],3.0,2020-01-13,2020-01-13T05:35:00Z,25412360367.0,68.0,15.0,19.0,34.0,44.0,52.0,0.0410958904109589,8564,0,0,3.0,3.0,6.0,5.0,72.0,80.0,8820.0,13736.0,3.0,2.5714285714285716,74.33333333333333,71.0,12096.333333333334,12369.57142857143,0.4285714285714284,12.0,1.7128
2020-01-14T07:06:07.074Z,3.0,3.0,7.0,6.0,3.0,3.0,[],3.0,2020-01-14,2020-01-14T06:06:00Z,25430218066.0,75.0,17.0,20.0,38.0,19.0,52.0,0.1047979797979797,17723,1,0,3.0,3.0,5.0,6.0,68.0,72.0,8564.0,8820.0,3.0,2.5714285714285716,73.33333333333333,70.42857142857143,10373.333333333334,11975.57142857143,0.4285714285714284,5.0,3.5446
2020-01-15T05:39:20.077Z,3.0,3.0,4.0,6.0,3.0,2.0,"[48979004, 32696007, 12921003]",3.0,2020-01-15,2020-01-15T06:23:00Z,25446511879.0,78.0,15.0,21.0,42.0,34.0,51.0,0.0630517023959646,14145,2,0,3.0,3.0,7.0,5.0,75.0,68.0,17723.0,8564.0,3.0,2.5714285714285716,71.66666666666667,71.71428571428571,11702.333333333334,11987.714285714286,0.4285714285714284,2.0,2.829
2020-01-16T09:50:15.157Z,3.0,3.0,7.0,6.0,3.0,3.0,[],3.0,2020-01-16,2020-01-16T05:49:30Z,25459709394.0,73.0,16.0,21.0,36.0,35.0,51.0,0.0546378653113087,13888,3,0,3.0,3.0,4.0,7.0,78.0,75.0,14145.0,17723.0,3.0,2.7142857142857144,73.66666666666667,73.0,13477.333333333334,12844.285714285714,0.2857142857142856,7.0,2.7776
2020-01-17T06:58:30.205Z,3.0,3.0,6.0,6.0,3.0,2.0,"[48979004, 32696007]",3.0,2020-01-17,2020-01-17T06:11:00Z,25476657499.0,73.0,21.0,15.0,37.0,75.0,51.0,0.071523178807947,12501,4,0,3.0,3.0,7.0,4.0,73.0,78.0,13888.0,14145.0,3.0,3.0,75.33333333333333,73.85714285714286,15252.0,12944.142857142857,0.0,7.0,2.5002
2020-01-18T08:04:31.262Z,3.0,3.0,7.0,5.0,3.0,2.0,"[48979004, 32696007]",3.0,2020-01-18,2020-01-18T06:50:30Z,25491307048.0,66.0,14.0,20.0,32.0,47.0,52.0,0.056551724137931,13480,5,1,3.0,3.0,6.0,7.0,73.0,73.0,12501.0,13888.0,3.0,3.0,74.66666666666667,74.14285714285714,13511.333333333334,12768.142857142857,0.0,14.0,2.696
2020-01-19T08:38:03.384Z,2.0,3.0,4.0,6.0,3.0,2.0,"[48979004, 32696007, 12921003]",3.0,2020-01-19,2020-01-19T09:01:00Z,25505680297.0,66.0,16.0,14.0,36.0,66.0,51.0,0.0602409638554216,13255,6,1,3.0,3.0,7.0,6.0,66.0,73.0,13480.0,12501.0,3.0,3.0,70.66666666666667,72.14285714285714,13289.666666666666,12731.57142857143,0.0,14.0,2.651
2020-01-20T08:33:26.650Z,3.0,3.0,5.0,6.0,3.0,2.0,"[48979004, 32696007, 12921003]",2.0,2020-01-20,2020-01-20T06:26:00Z,25517965824.0,73.0,16.0,20.0,37.0,41.0,52.0,0.079345088161209,7492,0,0,3.0,3.0,4.0,7.0,66.0,66.0,13255.0,13480.0,3.0,3.0,68.33333333333333,71.28571428571429,13078.666666666666,13365.142857142857,0.0,7.0,1.4984
2020-01-21T08:00:23.367Z,3.0,3.0,7.0,6.0,3.0,3.0,[],3.0,2020-01-21,2020-01-21T06:22:00Z,25532323736.0,77.0,19.0,20.0,38.0,47.0,51.0,0.0668348045397225,11684,1,0,3.0,3.0,5.0,4.0,73.0,66.0,7492.0,13255.0,3.0,3.0,68.33333333333333,72.0,11409.0,13212.0,0.0,3.0,2.3368
2020-01-22T08:08:47.681Z,2.0,3.0,6.0,5.0,3.0,3.0,[],3.0,2020-01-22,2020-01-22T06:02:00Z,25549335117.0,68.0,14.0,20.0,34.0,30.0,50.0,0.0552995391705069,10162,2,0,3.0,3.0,7.0,5.0,77.0,73.0,11684.0,7492.0,3.0,3.0,72.0,72.28571428571429,10810.333333333334,12349.285714285714,0.0,12.0,2.0324
2020-01-23T20:53:11.224Z,3.0,3.0,6.0,5.0,3.0,3.0,[],3.0,2020-01-23,2020-01-23T06:39:00Z,25563369863.0,71.0,17.0,17.0,37.0,9.0,50.0,0.0571049136786188,15169,3,0,3.0,3.0,6.0,7.0,68.0,77.0,10162.0,11684.0,3.0,3.0,72.66666666666667,70.85714285714286,9779.333333333334,11780.285714285714,0.0,9.0,3.0338
2020-01-24T12:21:58.499Z,3.0,3.0,4.0,6.0,3.0,2.0,"[48979004, 32696007, 12921003]",3.0,2020-01-24,2020-01-24T06:37:00Z,25578218713.0,73.0,20.0,15.0,38.0,59.0,51.0,0.1206496519721577,10721,4,0,3.0,3.0,6.0,6.0,71.0,68.0,15169.0,10162.0,3.0,3.0,72.0,70.57142857142857,12338.333333333334,11963.285714285714,0.0,7.0,2.1442
2020-01-28T08:48:51.760Z,3.0,3.0,7.0,5.0,3.0,3.0,[],3.0,2020-01-28,2020-01-28T06:07:00Z,25635799766.0,66.0,15.0,16.0,35.0,27.0,51.0,0.0633802816901408,14473,1,0,3.0,3.0,6.0,4.0,69.0,71.0,9026.0,18422.0,3.0,3.0,71.33333333333333,71.85714285714286,15226.333333333334,13345.0,0.0,14.0,2.8946
2020-01-29T08:27:21.439Z,2.0,3.0,7.0,5.0,3.0,3.0,[],3.0,2020-01-29,2020-01-29T06:27:30Z,25653433523.0,72.0,19.0,18.0,35.0,57.0,52.0,0.0484094052558782,4749,2,0,3.0,3.0,7.0,6.0,66.0,69.0,14473.0,9026.0,3.0,3.0,68.66666666666667,70.28571428571429,13973.666666666666,13743.42857142857,0.0,8.0,0.9498
2020-01-30T09:05:00.590Z,3.0,3.0,8.0,5.0,3.0,3.0,[],3.0,2020-01-30,2020-01-30T06:34:30Z,25674732632.0,73.0,15.0,22.0,36.0,43.0,51.0,0.0524246395806028,14398,3,0,3.0,3.0,7.0,7.0,72.0,66.0,4749.0,14473.0,3.0,3.0,69.0,70.85714285714286,9416.0,12970.142857142857,0.0,7.0,2.8796
2020-01-31T05:36:15.867Z,1.0,3.0,3.0,5.0,3.0,2.0,"[48979004, 32696007, 12921003]",3.0,2020-01-31,2020-01-31T06:23:00Z,25696136875.0,70.0,20.0,13.0,37.0,40.0,50.0,0.0785619174434087,12231,4,0,3.0,3.0,8.0,7.0,73.0,72.0,14398.0,4749.0,3.0,3.0,70.33333333333333,71.14285714285714,11206.666666666666,12860.0,0.0,10.0,2.4462
2020-02-01T07:30:39.980Z,2.0,3.0,5.0,5.0,2.0,2.0,[12921003],3.0,2020-02-01,2020-02-01T06:19:00Z,25710158098.0,64.0,14.0,16.0,34.0,15.0,53.0,0.1166219839142091,14409,5,1,3.0,3.0,3.0,8.0,70.0,73.0,12231.0,14398.0,3.0,3.0,71.66666666666667,70.71428571428571,10459.333333333334,13075.714285714286,0.0,16.0,2.8818
2020-02-02T08:01:23.085Z,3.0,4.0,7.0,6.0,3.0,3.0,[],3.0,2020-02-02,2020-02-02T07:05:30Z,25723889168.0,69.0,16.0,15.0,38.0,32.0,53.0,0.072570725707257,11652,6,1,3.0,3.0,5.0,3.0,64.0,70.0,14409.0,12231.0,3.0,3.0,69.0,69.28571428571429,13679.333333333334,12529.714285714286,0.0,11.0,2.3304
2020-02-03T08:00:28.994Z,2.0,3.0,6.0,5.0,2.0,2.0,[12921003],3.0,2020-02-03,2020-02-03T06:15:00Z,25737094234.0,78.0,20.0,21.0,37.0,37.0,54.0,0.0948379351740696,10754,0,0,4.0,3.0,7.0,5.0,69.0,64.0,11652.0,14409.0,3.3333333333333335,3.142857142857143,67.66666666666667,69.0,12764.0,11562.57142857143,0.8571428571428572,2.0,2.1508
2020-02-04T10:24:06.532Z,3.0,3.0,7.0,5.0,3.0,3.0,[],3.0,2020-02-04,2020-02-04T06:18:30Z,25751096973.0,70.0,14.0,21.0,35.0,39.0,53.0,0.0663058186738836,8898,1,0,3.0,4.0,6.0,7.0,78.0,69.0,10754.0,11652.0,3.3333333333333335,3.142857142857143,70.33333333333333,70.28571428571429,12271.666666666666,11809.42857142857,-0.1428571428571428,10.0,1.7796
2020-02-05T06:59:27.721Z,3.0,3.0,8.0,5.0,3.0,3.0,[],3.0,2020-02-05,2020-02-05T05:54:30Z,25763452796.0,62.0,14.0,15.0,33.0,7.0,52.0,0.0605612998522895,18685,2,0,3.0,3.0,7.0,6.0,70.0,78.0,8898.0,10754.0,3.3333333333333335,3.142857142857143,72.33333333333333,70.85714285714286,10434.666666666666,11013.0,-0.1428571428571428,18.0,3.737
2020-02-06T07:31:26.341Z,3.0,3.0,6.0,5.0,3.0,2.0,"[48979004, 32696007, 12921003]",3.0,2020-02-06,2020-02-06T06:19:00Z,25781305187.0,72.0,15.0,23.0,34.0,32.0,53.0,0.0754985754985755,24846,3,0,3.0,3.0,8.0,7.0,62.0,70.0,18685.0,8898.0,3.0,3.142857142857143,70.0,69.42857142857143,12779.0,13003.857142857143,-0.1428571428571428,8.0,4.9692
2020-02-07T05:55:30.958Z,2.0,3.0,3.0,5.0,2.0,1.0,"[48979004, 32696007, 12921003]",3.0,2020-02-07,2020-02-07T06:37:00Z,25797449251.0,69.0,19.0,14.0,36.0,19.0,52.0,0.0756756756756756,8131,4,0,3.0,3.0,6.0,8.0,72.0,62.0,24846.0,18685.0,3.0,3.142857142857143,68.0,69.28571428571429,17476.333333333332,14496.42857142857,-0.1428571428571428,11.0,1.6262
2020-02-08T09:08:21.547Z,2.0,3.0,5.0,7.0,3.0,2.0,"[48979004, 32696007, 12921003]",3.0,2020-02-08,2020-02-08T07:56:00Z,25813865962.0,80.0,15.0,22.0,43.0,35.0,54.0,0.0597826086956521,14197,5,1,3.0,3.0,3.0,6.0,69.0,72.0,8131.0,24846.0,3.0,3.142857142857143,67.66666666666667,69.14285714285714,17220.666666666668,13910.714285714286,-0.1428571428571428,0.0,2.8394
2020-02-09T08:42:48.436Z,3.0,3.0,7.0,6.0,3.0,3.0,[],3.0,2020-02-09,2020-02-09T07:44:30Z,25825902413.0,76.0,17.0,22.0,37.0,37.0,53.0,0.0930506478209658,8963,6,1,3.0,3.0,5.0,3.0,80.0,69.0,14197.0,8131.0,3.0,3.142857142857143,73.66666666666667,71.42857142857143,15724.666666666666,13880.42857142857,-0.1428571428571428,4.0,1.7926
2020-02-10T06:48:59.633Z,3.0,3.0,8.0,5.0,3.0,3.0,[],3.0,2020-02-10,2020-02-10T06:30:30Z,25837553456.0,70.0,19.0,15.0,36.0,25.0,51.0,0.0808926080892608,15052,0,0,3.0,3.0,7.0,5.0,76.0,80.0,8963.0,14197.0,3.0,3.0,75.0,72.42857142857143,10430.333333333334,13496.285714285714,0.0,10.0,3.0104
2020-02-11T20:36:45.914Z,2.0,3.0,6.0,6.0,3.0,2.0,[12921003],3.0,2020-02-11,2020-02-11T06:35:30Z,25851281547.0,73.0,21.0,14.0,38.0,74.0,51.0,0.0716145833333333,10533,1,0,3.0,3.0,8.0,7.0,70.0,76.0,15052.0,8963.0,3.0,3.0,75.33333333333333,71.28571428571429,12737.333333333334,14110.285714285714,0.0,7.0,2.1066
2020-02-12T09:38:23.865Z,2.0,3.0,7.0,5.0,2.0,2.0,"[48979004, 32696007]",3.0,2020-02-12,2020-02-12T05:57:30Z,25864331492.0,74.0,21.0,16.0,37.0,45.0,52.0,0.1037344398340249,10839,2,0,3.0,3.0,6.0,8.0,73.0,70.0,10533.0,15052.0,3.0,3.0,73.0,71.71428571428571,11516.0,14343.857142857143,0.0,6.0,2.1678
2020-02-13T12:55:06.978Z,3.0,3.0,7.0,5.0,2.0,3.0,[],3.0,2020-02-13,2020-02-13T06:19:00Z,25878895600.0,74.0,15.0,23.0,36.0,42.0,53.0,0.061711079943899,13617,3,0,3.0,3.0,7.0,6.0,74.0,73.0,10839.0,10533.0,3.0,3.0,72.33333333333333,73.42857142857143,12141.333333333334,13223.0,0.0,6.0,2.7234
2020-02-14T08:02:26.929Z,1.0,3.0,3.0,4.0,2.0,2.0,"[48979004, 32696007, 12921003]",3.0,2020-02-14,2020-02-14T06:24:00Z,25894489382.0,55.0,14.0,12.0,29.0,22.0,51.0,0.0951526032315978,7819,4,0,3.0,3.0,7.0,7.0,74.0,74.0,13617.0,10839.0,3.0,3.0,73.66666666666667,73.71428571428571,11663.0,11618.857142857143,0.0,25.0,1.5638
2020-02-15T09:00:23.377Z,2.0,3.0,4.0,7.0,3.0,3.0,[],3.0,2020-02-15,2020-02-15T08:16:30Z,25909204074.0,69.0,14.0,13.0,42.0,38.0,53.0,0.0950888192267502,6833,5,1,3.0,3.0,3.0,7.0,55.0,74.0,7819.0,13617.0,3.0,3.0,67.66666666666667,71.71428571428571,10758.333333333334,11574.285714285714,0.0,11.0,1.3666
2020-02-19T10:04:33.865Z,3.0,3.0,7.0,6.0,3.0,3.0,[],3.0,2020-02-19,2020-02-19T07:19:00Z,25964084676.0,74.0,13.0,22.0,39.0,15.0,54.0,0.0749665327978581,18691,2,0,3.0,3.0,6.0,5.0,68.0,66.0,10533.0,10674.0,3.0,3.0,68.33333333333333,68.14285714285714,10014.666666666666,9878.857142857143,0.0,6.0,3.7382
2020-02-20T08:00:31.498Z,3.0,3.0,8.0,5.0,3.0,3.0,[],3.0,2020-02-20,2020-02-20T07:05:30Z,25980514519.0,75.0,20.0,19.0,36.0,34.0,52.0,0.1099706744868035,7720,3,0,3.0,3.0,7.0,6.0,74.0,68.0,18691.0,10533.0,3.0,3.0,69.33333333333333,68.14285714285714,13299.333333333334,11000.57142857143,0.0,5.0,1.544
2020-02-21T07:28:18.063Z,3.0,3.0,8.0,4.0,3.0,3.0,[],3.0,2020-02-21,2020-02-21T06:35:30Z,26002023337.0,58.0,12.0,17.0,29.0,0.0,51.0,0.199021207177814,17992,4,0,3.0,3.0,8.0,7.0,75.0,74.0,7720.0,18691.0,3.0,3.0,72.33333333333333,68.28571428571429,12314.666666666666,10158.142857142857,0.0,22.0,3.5984
2020-02-22T08:00:35.086Z,2.0,3.0,5.0,6.0,3.0,2.0,"[48979004, 32696007, 12921003]",3.0,2020-02-22,2020-02-22T07:55:00Z,26015459375.0,72.0,18.0,15.0,39.0,35.0,51.0,0.0761789600967352,15947,5,1,3.0,3.0,8.0,8.0,58.0,75.0,17992.0,7720.0,3.0,3.0,69.0,68.71428571428571,14801.0,11611.42857142857,0.0,8.0,3.1894
2020-02-23T09:00:23.827Z,2.0,3.0,6.0,6.0,3.0,3.0,[],3.0,2020-02-23,2020-02-23T08:11:30Z,26027506188.0,75.0,17.0,19.0,39.0,55.0,52.0,0.1500547645125958,12227,6,1,3.0,3.0,5.0,8.0,72.0,58.0,15947.0,17992.0,3.0,3.0,68.33333333333333,69.14285714285714,13886.333333333334,12913.42857142857,0.0,5.0,2.4454
2020-02-24T21:51:11.871Z,3.0,3.0,6.0,5.0,3.0,2.0,[12921003],3.0,2020-02-24,2020-02-24T06:18:00Z,26041241322.0,71.0,19.0,18.0,34.0,19.0,51.0,0.0910384068278805,7427,0,0,3.0,3.0,6.0,5.0,75.0,72.0,12227.0,15947.0,3.0,3.0,68.33333333333333,69.71428571428571,15388.666666666666,13397.714285714286,0.0,9.0,1.4854
2020-02-25T08:00:26.970Z,3.0,3.0,7.0,4.0,3.0,3.0,[],3.0,2020-02-25,2020-02-25T06:46:30Z,26058384481.0,59.0,12.0,17.0,30.0,12.0,50.0,0.0623946037099494,7365,1,0,3.0,3.0,6.0,6.0,71.0,75.0,7427.0,12227.0,3.0,3.0,72.66666666666667,70.42857142857143,11867.0,12933.857142857143,0.0,21.0,1.473
2020-02-26T07:43:51.288Z,3.0,3.0,8.0,4.0,3.0,3.0,[],3.0,2020-02-26,2020-02-26T07:15:00Z,26074956254.0,69.0,19.0,14.0,36.0,38.0,51.0,0.0555555555555555,12554,2,0,3.0,3.0,7.0,6.0,59.0,71.0,7365.0,7427.0,3.0,3.0,68.33333333333333,69.14285714285714,9006.333333333334,12481.285714285714,0.0,11.0,2.5108
2020-02-27T09:00:16.666Z,2.0,3.0,6.0,5.0,3.0,2.0,"[48979004, 32696007]",3.0,2020-02-27,2020-02-27T06:14:30Z,26089770765.0,68.0,20.0,14.0,34.0,36.0,53.0,0.0671328671328671,19534,3,0,3.0,3.0,8.0,7.0,69.0,59.0,12554.0,7365.0,3.0,3.0,66.33333333333333,68.42857142857143,9115.333333333334,11604.57142857143,0.0,12.0,3.9068
2020-02-28T08:02:27.747Z,2.0,3.0,3.0,5.0,2.0,2.0,"[48979004, 32696007, 12921003]",3.0,2020-02-28,2020-02-28T06:36:00Z,26104885444.0,71.0,21.0,15.0,35.0,57.0,54.0,0.0827389443651925,12513,4,0,3.0,3.0,6.0,8.0,68.0,69.0,19534.0,12554.0,3.0,3.0,65.33333333333333,67.42857142857143,13151.0,13292.285714285714,0.0,9.0,2.5026
2020-02-29T08:02:32.978Z,3.0,3.0,5.0,6.0,3.0,2.0,[12921003],3.0,2020-02-29,2020-02-29T07:38:00Z,26118440483.0,69.0,17.0,15.0,37.0,40.0,55.0,0.0887792848335388,21999,5,1,3.0,3.0,3.0,6.0,71.0,68.0,12513.0,19534.0,3.0,3.0,69.33333333333333,69.28571428571429,14867.0,12509.57142857143,0.0,11.0,4.3998
2020-03-01T11:19:20.552Z,3.0,3.0,6.0,5.0,3.0,2.0,[12921003],3.0,2020-03-01,2020-03-01T07:48:30Z,26132199697.0,73.0,16.0,20.0,37.0,20.0,55.0,0.1228533685601056,21553,6,1,3.0,3.0,5.0,3.0,69.0,71.0,21999.0,12513.0,3.0,3.0,69.33333333333333,68.85714285714286,18015.333333333332,13374.142857142857,0.0,7.0,4.3106
2020-03-02T05:44:55.857Z,2.0,3.0,3.0,6.0,3.0,2.0,"[48979004, 32696007, 12921003, 22943007]",3.0,2020-03-02,2020-03-02T06:32:00Z,26144800797.0,77.0,20.0,19.0,38.0,37.0,54.0,0.0726114649681528,11335,0,0,3.0,3.0,6.0,5.0,73.0,69.0,21553.0,21999.0,3.0,3.0,71.0,68.57142857142857,18688.333333333332,14706.42857142857,0.0,3.0,2.267
2020-03-03T06:53:52.028Z,3.0,3.0,6.0,6.0,3.0,2.0,"[12921003, 22943007, 368208006, 368209003]",3.0,2020-03-03,2020-03-03T06:19:00Z,26160067834.0,84.0,22.0,23.0,39.0,93.0,54.0,0.0406091370558375,10117,1,0,3.0,3.0,3.0,6.0,77.0,73.0,11335.0,21553.0,3.0,3.0,73.0,69.42857142857143,18295.666666666668,15264.714285714286,0.0,-4.0,2.0234
2020-03-04T08:00:48.150Z,3.0,3.0,7.0,5.0,2.0,2.0,[12921003],3.0,2020-03-04,2020-03-04T06:18:30Z,26174144202.0,67.0,17.0,19.0,31.0,43.0,53.0,0.1080291970802919,13093,2,0,3.0,3.0,6.0,3.0,84.0,77.0,10117.0,11335.0,3.0,3.0,78.0,73.0,14335.0,15657.857142857143,0.0,13.0,2.6186
2020-03-05T10:40:49.764Z,3.0,3.0,8.0,6.0,3.0,3.0,[],2.0,2020-03-05,2020-03-05T06:31:00Z,26188840139.0,75.0,19.0,18.0,38.0,29.0,52.0,0.0508474576271186,20119,3,0,3.0,3.0,7.0,6.0,67.0,84.0,13093.0,10117.0,3.0,3.0,76.0,72.71428571428571,11515.0,15734.857142857143,0.0,5.0,4.0238
2020-03-06T09:15:18.645Z,2.0,3.0,2.0,6.0,2.0,1.0,"[48979004, 32696007, 12921003, 22943007]",3.0,2020-03-06,2020-03-06T06:44:00Z,26204846577.0,71.0,18.0,16.0,37.0,57.0,52.0,0.0872235872235872,10480,4,0,3.0,3.0,8.0,7.0,75.0,67.0,20119.0,13093.0,3.0,3.0,75.33333333333333,73.71428571428571,14443.0,15818.42857142857,0.0,9.0,2.096
2020-03-07T08:01:48.211Z,3.0,3.0,6.0,6.0,3.0,2.0,[12921003],3.0,2020-03-07,2020-03-07T07:48:30Z,26218265953.0,68.0,15.0,16.0,37.0,39.0,52.0,0.0996677740863787,12847,5,1,3.0,3.0,2.0,8.0,71.0,75.0,10480.0,20119.0,3.0,3.0,71.0,73.71428571428571,14564.0,15528.0,0.0,12.0,2.5694
2020-03-08T08:06:45.340Z,3.0,3.0,7.0,6.0,2.0,3.0,[],3.0,2020-03-08,2020-03-08T07:05:30Z,26229880685.0,71.0,16.0,18.0,37.0,32.0,52.0,0.0713422007255139,13115,6,1,3.0,3.0,6.0,2.0,68.0,71.0,12847.0,10480.0,3.0,3.0,71.33333333333333,73.57142857142857,14482.0,14220.57142857143,0.0,9.0,2.623
2020-03-09T10:28:36.473Z,3.0,3.0,7.0,5.0,3.0,3.0,[],3.0,2020-03-09,2020-03-09T06:29:30Z,26244404402.0,73.0,16.0,21.0,36.0,59.0,52.0,0.0832214765100671,7240,0,0,3.0,3.0,7.0,6.0,71.0,68.0,13115.0,12847.0,3.0,3.0,70.0,73.28571428571429,12147.333333333334,13015.142857142857,0.0,7.0,1.448
2020-03-10T09:02:23.461Z,3.0,3.0,8.0,5.0,3.0,3.0,[],3.0,2020-03-10,2020-03-10T06:03:00Z,26261658925.0,70.0,17.0,17.0,36.0,22.0,51.0,0.0431654676258992,13280,1,0,3.0,3.0,7.0,7.0,73.0,71.0,7240.0,13115.0,3.0,3.0,70.66666666666667,72.71428571428571,11067.333333333334,12430.142857142857,0.0,10.0,2.656
2020-03-14T08:59:49.345Z,3.0,3.0,8.0,7.0,3.0,3.0,[],3.0,2020-03-14,2020-03-14T08:37:00Z,26319462688.0,76.0,17.0,16.0,43.0,64.0,50.0,0.0634595701125895,9026,5,1,3.0,3.0,8.0,7.0,82.0,64.0,8744.0,9835.0,3.0,3.0,73.0,71.33333333333333,9144.666666666666,10559.42857142857,0.0,4.0,1.8052
2020-03-15T22:48:57.301Z,2.0,3.0,4.0,5.0,2.0,2.0,"[48979004, 32696007, 12921003]",3.0,2020-03-15,2020-03-15T06:38:30Z,26331393044.0,64.0,18.0,15.0,31.0,57.0,50.0,0.0866477272727272,9937,6,1,3.0,3.0,8.0,8.0,76.0,82.0,9026.0,8744.0,3.0,3.0,74.0,72.66666666666667,9201.666666666666,10013.57142857143,0.0,16.0,1.9874
2020-03-16T06:52:28.674Z,2.0,3.0,6.0,5.0,2.0,2.0,"[48979004, 32696007, 12921003]",3.0,2020-03-16,2020-03-16T06:37:00Z,26344100947.0,76.0,19.0,21.0,36.0,25.0,51.0,0.0860495436766623,6939,0,0,3.0,3.0,4.0,8.0,64.0,76.0,9937.0,9026.0,3.0,3.0,74.0,71.5,9235.666666666666,9559.57142857143,0.0,4.0,1.3878
2020-03-17T07:13:38.245Z,2.0,3.0,7.0,7.0,3.0,3.0,[],2.0,2020-03-17,2020-03-17T06:41:30Z,26359380653.0,76.0,16.0,19.0,41.0,36.0,50.0,0.0737628384687208,7952,1,0,3.0,3.0,6.0,4.0,76.0,64.0,6939.0,9937.0,3.0,3.0,72.0,72.0,8634.0,9516.57142857143,0.0,4.0,1.5904
2020-03-18T22:13:50.889Z,3.0,3.0,7.0,5.0,2.0,3.0,[],2.0,2020-03-18,2020-03-18T07:58:30Z,26376122349.0,81.0,20.0,18.0,43.0,56.0,50.0,0.0513368983957219,6403,2,0,3.0,3.0,7.0,6.0,76.0,76.0,7952.0,6939.0,3.0,3.0,72.0,73.0,8276.0,8755.42857142857,0.0,-1.0,1.2806
2020-03-19T16:19:53.035Z,2.0,3.0,7.0,5.0,2.0,3.0,[],2.0,2020-03-19,2020-03-19T07:20:00Z,26387142685.0,74.0,19.0,21.0,34.0,30.0,50.0,0.0728476821192053,8331,3,0,3.0,3.0,7.0,7.0,81.0,76.0,6403.0,7952.0,3.0,3.0,77.66666666666667,74.14285714285714,7098.0,8405.142857142857,0.0,6.0,1.6662
2020-03-20T11:08:03.454Z,2.0,2.0,7.0,5.0,2.0,3.0,[],2.0,2020-03-20,2020-03-20T06:43:30Z,26403965072.0,72.0,20.0,16.0,36.0,37.0,49.0,0.062251655629139,7189,4,0,3.0,3.0,7.0,7.0,74.0,81.0,8331.0,6403.0,3.0,3.0,77.0,75.57142857142857,7562.0,8190.285714285715,0.0,8.0,1.4378
2020-03-21T11:00:39.448Z,2.0,3.0,7.0,6.0,3.0,2.0,[12921003],2.0,2020-03-21,2020-03-21T07:38:30Z,26416876464.0,74.0,20.0,17.0,37.0,40.0,49.0,0.0490081680280046,14653,5,1,2.0,3.0,7.0,7.0,72.0,74.0,7189.0,8331.0,2.6666666666666665,2.857142857142857,75.66666666666667,74.14285714285714,7307.666666666667,7968.142857142857,-0.8571428571428572,6.0,2.9306
2020-03-22T08:01:05.025Z,3.0,3.0,8.0,6.0,3.0,3.0,[],3.0,2020-03-22,2020-03-22T08:02:00Z,26429247233.0,74.0,16.0,18.0,40.0,35.0,50.0,0.0809898762654668,4773,6,1,3.0,2.0,7.0,7.0,74.0,72.0,14653.0,7189.0,2.6666666666666665,2.857142857142857,73.33333333333333,73.85714285714286,10057.666666666666,8772.0,0.1428571428571428,6.0,0.9546
2020-03-23T09:39:13.863Z,3.0,3.0,8.0,6.0,3.0,3.0,[],3.0,2020-03-23,2020-03-23T07:31:30Z,26439963894.0,73.0,18.0,18.0,37.0,45.0,50.0,0.0782918149466192,5897,0,0,3.0,3.0,8.0,7.0,74.0,74.0,4773.0,14653.0,2.6666666666666665,2.857142857142857,73.33333333333333,75.28571428571429,8871.666666666666,8034.285714285715,0.1428571428571428,7.0,1.1794
2020-03-24T17:03:13.372Z,3.0,3.0,8.0,7.0,3.0,3.0,[],2.0,2020-03-24,2020-03-24T07:57:30Z,26454824841.0,76.0,17.0,17.0,42.0,42.0,50.0,0.0588832487309644,5439,1,0,3.0,3.0,8.0,8.0,73.0,74.0,5897.0,4773.0,3.0,2.857142857142857,73.66666666666667,74.85714285714286,8441.0,7885.428571428572,0.1428571428571428,4.0,1.0878
2020-03-25T11:25:45.031Z,3.0,3.0,8.0,5.0,2.0,3.0,[],3.0,2020-03-25,2020-03-25T07:33:30Z,26467322684.0,71.0,17.0,19.0,35.0,66.0,50.0,0.0674157303370786,9121,2,0,3.0,3.0,8.0,8.0,76.0,73.0,5439.0,5897.0,3.0,2.857142857142857,74.33333333333333,74.85714285714286,5369.666666666667,7526.428571428572,0.1428571428571428,9.0,1.8242
2020-03-29T08:02:16.282Z,3.0,3.0,8.0,5.0,3.0,3.0,[],3.0,2020-03-29,2020-03-29T08:40:30Z,26516647751.0,62.0,16.0,14.0,32.0,55.0,51.0,0.0569620253164556,6698,6,1,3.0,2.0,8.0,6.0,67.0,72.0,16448.0,11532.0,2.5,2.8333333333333335,71.66666666666667,72.71428571428571,11779.0,8652.42857142857,0.16666666666666652,18.0,1.3396
2020-03-30T07:24:02.816Z,3.0,3.0,8.0,6.0,3.0,3.0,[],3.0,2020-03-30,2020-03-30T07:20:00Z,26528257996.0,78.0,19.0,20.0,39.0,34.0,53.0,0.1364734299516908,4761,0,0,3.0,3.0,8.0,8.0,62.0,67.0,6698.0,16448.0,2.6666666666666665,2.8333333333333335,67.0,71.0,11559.333333333334,8927.42857142857,0.16666666666666652,2.0,0.9522
